Name,Industry Level,BGB CP,Total CP,Preferred Outermost,Stick Group,,Snapshotted At:,2026/08/22
Member 01,8,"240,543,453","1,366,674,070",TRUE,Alpha,,,
Member 02,8,"264,886,114","1,110,033,798",FALSE,Bravo,,,
Member 03,8,"238,580,889","1,282,965,337",FALSE,Charlie,,,
"Hana, the Brave",8,"165,605,238","757,036,642",TRUE,Delta,,,
Member 05,8,"144,208,390","1,172,154,653",TRUE,Alpha,,,
Member 06,8,"157,393,360","1,334,343,927",FALSE,Charlie,,,
Member 07,8,"136,432,445","894,944,963",FALSE,Bravo,,,
이름,8,"93,590,841","1,007,574,119",TRUE,Alpha,,,
Member 09,8,"84,563,826","1,018,364,060",FALSE,Echo,,,
Member 10,8,"97,810,645","1,014,868,856",FALSE,,,,
Member 11,8,"88,057,698","988,119,247",FALSE,Alpha,,,
An Unusually Long Member Name,8,"79,621,221","912,892,369",TRUE,Delta,,,
Member 13,8,"63,031,350","789,231,228",FALSE,Charlie,,,
Member 14,6,"61,404,657","946,633,878",FALSE,,,,
Member 15,7,"57,856,942","824,843,335",FALSE,Foxtrot,,,
  Padded  ,8,"49,018,099","802,695,843",FALSE,Golf,,,
Member 17,6,"44,134,666","904,067,914",TRUE,Bravo,,,
Member 18,7,"48,072,032","810,779,091",FALSE,,,,
Member 19,6,"39,695,437","719,819,112",FALSE,Foxtrot,,,
Member 20,5,"36,245,588","806,567,545",TRUE,Echo,,,
Member 21,,"33,932,184","513,333,815",TRUE,Echo,,,
Member 22,6,"31,474,523","648,575,944",FALSE,Charlie,,,
Member 23,5,"32,674,102","705,601,512",FALSE,,,,
Member 24,6,"28,223,083","791,405,195",FALSE,,,,
Member 25,5,"25,574,132","624,500,876",FALSE,,,,
Member 26,5,"21,321,247","548,123,927",FALSE,,,,
Member 27,3,"22,363,931","701,658,118",FALSE,Delta,,,
Member 28,4,"20,246,125","617,859,414",FALSE,,,,
Member 29,4,"18,380,401","597,904,820",FALSE,Bravo,,,
Member 30,4,"16,864,654","551,397,649",FALSE,,,,
Member 31,4,"19,285,370","685,326,595",FALSE,Delta,,,
Member 32,4,"17,237,786","558,180,579",FALSE,,,,
Member 33,3,"12,925,255","499,569,704",FALSE,,,,
Member 34,3,"11,688,516","429,883,222",FALSE,Alpha,,,
Member 35,3,"9,625,992","491,129,728",FALSE,,,,
No CP Yet,5,"1,000,000",,FALSE,,,,
,,,,,,,,
